Sentiment,AvgTweetLength
Irrelevant,112.56410256410257
Neutral,120.98807565789474
Positive,100.19259026028547
Negative,114.61671156481876
